	id_tweet	created_at	user_name	text	clean	cluster
2768	1050037092674355200	2018-10-10 09:55:26	BogotaTransito	üì¢#Atenci√≥n: inicia recorrido de estudiantes de la @udistrital sede Tecnol√≥gica del Sur. Cerca de 400 personas toman la Av. Gait√°n Cort√©s con destino @SENAComunica sede Av. Primero de Mayo con Cra. 30 para luego tomar este corredor hasta la calle 6.	   atenci√≥n   iniciar recorrer estudiante    sedar tecnol√≥gico sur        personar tomar av   gait√°n cort√©s destinar    sedar av   mayar cra      tomar corredor callar   	1
3602	1050760420519268352	2018-10-12 09:49:41	BogotaTransito	üì¢#Atenci√≥n: inicia manifestaci√≥n convocada por trabajadores de Corabastos. A esta hora desde el Portal Banderas inician desplazamiento por la Av. Am√©ricas hacia el oriente. Evita este corredor. https://t.co/B4AD2Siqeo	   atenci√≥n   iniciar manifestaci√≥n convocar trabajador corabastos   a hora portal bandera iniciar desplazamiento av   am√©ricas orientar   evitar corredor   	1
3632	1050784490031857675	2018-10-12 11:25:19	BogotaTransito	üì¢#Atenci√≥n: manifestaci√≥n proveniente de Corabastos y Portal Banderas toma a esta hora la calle 13 con carrera 47 en direcci√≥n al oriente, ocupando dos de tres carriles. Destino Plaza de Bol√≠var https://t.co/LvjNpj1hly	   atenci√≥n   manifestaci√≥n proveniente corabastos y portal bandera tomar a hora callar     carrera     direcci√≥n orientar   ocupar carril   destinar plaza bol√≠var  	1
3662	1050810061776478208	2018-10-12 13:06:56	BogotaTransito	üì¢#Atenci√≥n: manifestaci√≥n proveniente de Corabastos llega hasta la Av. Jim√©nez con carrera 10, direcci√≥n oriente. Las personas se movilizan a esta hora por el exclusivo de @TransMilenio. Destino Plaza de Bol√≠var. https://t.co/oTSrg2Su50	   atenci√≥n   manifestaci√≥n proveniente corabastos llegar av   jim√©nez carrera      direcci√≥n orientar   personar movilizar a hora exclusivo     destinar plaza bol√≠var   	1
4858	1052609832015024129	2018-10-17 12:18:35	BogotaTransito	#AEstaHora avanza movilizaci√≥n de estudiantes de la @comunidadUPN por la calle 72 con Av. Caracas. Se prev√© que el grupo tome por este corredor hacia el sur hasta la calle 13, para luego tomar esta v√≠a hacia el oriente hasta la carrera 7. https://t.co/6CDNHMOSNM	  a hora avanzar movilizaci√≥n estudiante    callar     av   caracas   prever grupo tomar corredor sur callar      tomar v√≠a orientar carrera     	1
4864	1052613963207385091	2018-10-17 12:35:00	BogotaTransito	üì¢#Atenci√≥n: estudiantes de la @comunidadUPN que se movilizan por la Av. Caracas con calle 72 bloquean a esta hora carril mixto y exclusivo de @TransMilenio afectando la operaci√≥n de sistema. https://t.co/fGqrsfkcaM	   atenci√≥n   estudiante    movilizar av   caracas callar     bloquear a hora carril mixto y exclusivo    afectar operaci√≥n sistema   	1
11608	1060570964759580672	2018-11-08 11:33:17	BogotaTransito	#AEstaHora en la Av. Eldorado sobre la carrera 100 manifestantes descienden de sus veh√≠culos e inician protesta a pie. Se afecta en su  totalidad el carril lento en direcci√≥n hacia el occidente. https://t.co/BQcmISspcQ	  a hora av   eldorado carrera      manifestante descender veh√≠culo e iniciar protestar a pie   afecto   totalidad carril lento direcci√≥n occidente   	1
13778	1063113988400132096	2018-11-15 11:58:21	BogotaTransito	üì¢#Atenci√≥n: Por marchas, sin paso para tr√°fico mixto y @TransMilenio en NQS sentido sur norte entre Calle 45 y Calle 80. Sin paso en Carrera 7 en ambos sentidos, frente a Universidad Javeriana.	   atenci√≥n   marchar   pasar tr√°fico mixto y    nqs sentir sur norte callar     y callar      pasar carrera    sentir   frente a universidad javeriana	1
13811	1063148992484306944	2018-11-15 14:17:26	BogotaTransito	üì¢#Atenci√≥n: Las marchas que ven√≠an por la Calle 80 y Av. Caracas se unen en H√©roes. El recorrido continuar√° por Autonorte hasta la Calle 100, de all√≠ al oriente, y por la Carrera 15 al norte hasta la Calle 106. Se esperan bloqueos en estas v√≠as en las pr√≥ximas horas	   atenci√≥n   marchar venir callar     y av   caracas unir h√©roe   recorrer continuar autonorte callar       orientar   y carrera     norte callar       esperar bloqueo v√≠a pr√≥ximo	1
13926	1063203605589704709	2018-11-15 17:54:27	BogotaTransito	üì¢#Atenci√≥n: Manifestantes marchan por la Carrera 7 hacia el sur, entre la Calle 94 y Calle 92. Sin paso para particulares ni transporte p√∫blico al sur. https://t.co/m3puK7VsHB	   atenci√≥n   manifestante marchar carrera    sur   callar     y callar      pasar particular transportar p√∫blico sur   	1
16292	1065675212920971265	2018-11-22 13:35:44	BogotaTransito	RT @CaracolRadio: #EnDesarrollo | Fuerte granizada afecta el norte de Bogot√°. Llueve intensamente en varias zonas de la ciudad&gt;&gt;&gt; https:/‚Ä¶	     desarrollar    fuerte granizar afecto norte bogot√°   llover intensamente zona ciudad gt   gt   gt   https   	1
16294	1065675898362437632	2018-11-22 13:38:28	BogotaTransito	RT @CaracolRadio: #EnDesarrollo | As√≠ se ve la Av. Suba con Calle 100 en Bogot√° por cuenta de las intensas lluvias&gt;&gt;&gt; https://t.co/ASmnx5‚Ä¶	     desarrollar    ver av   subir callar      bogot√° intenso lluvia gt   gt   gt   	1
18195	1067841142841114625	2018-11-28 13:02:22	BogotaTransito	üì¢#AEstaHora estudiantes de la @UNColombia y el Colegio Mayor de Cundinamarca se movilizan por la Av. Boyac√° con calle 53 hacia el norte. La cola de la marcha se encuentra sobre la calle 26 con carrera 70 donde hay bloqueo de calzada mixta y exclusiva de @TransMilenio. https://t.co/mSLAYqf0a3	   a hora estudiante    y colegiar cundinamarca movilizar av   boyac√° callar     norte   cola marchar callar     carrera     bloquear calzar mixto y exclusivo     	1
16182	1065589427039277056	2018-11-22 07:54:51	RedapBogota	en otro tramo la avenida Las Am√©ricas presentar gran tranc√≥n tambi√©n desde el centro urbano Antonio nari√±o en el cruce con la avenida la esperanza hasta el cruce con la calle 26 donde tenemos un choque reportado	tramar avenir am√©ricas presentar tranc√≥n centrar urbano antonio nari√±o cruzar avenir esperanzar cruzar callar     chocar reportar	1
19645	1069587962407596032	2018-12-03 08:43:36	RedapBogota	avenida nqs est√° fuertemente trancada hacia el norte desde el estadio el camp√≠n calle 57 hasta la calle 89 llegando a la autopista Norte	avenir nqs fuertemente trancar norte estadio camp√≠n callar     callar     llegar a autopista norte	1
24806	1075388488919515136	2018-12-19 08:52:50	RedapBogota	avenida Calle 26 congestionada est√° trancada hacia el Oriente del terminal del puente a√©reo hasta la avenida Ciudad de Cali	avenir callar     congestionar trancar orientar terminal puente a√©reo avenir ciudad cali	1
25173	1075754514198773760	2018-12-20 09:07:17	RedapBogota	Confirmado accidente de 2 transmilenios en la avenida Caracas con 19 Sur ya fueron trasladados los lesionados	confirmar accidentar    transmilenios avenir caracas     sur trasladar lesionar	1
